<?xml version="1.0" encoding="UTF-8"?>
<addon id="resource.uisounds.titan.classic" version="1.0.0" name="KoDer" provider-name="M7md Zuhair9 Gamer Alt, McKennaSuni">
  <requires>
    <import addon="kodi.resource" version="1.0.0"/>
  </requires>
  <extension point="kodi.resource.uisounds"/>
  <extension point="kodi.addon.metadata">
    <summary lang="en">This was made by M7md Zuhair9 Gamer Alt</summary>
    <description lang="en">To give it the classic Windows Mobile 8.1 Feeling, subscribe to stay tuned</description>
    <platform>all</platform>
  </extension>
</addon>
